Element,Actual Structure
Fe,BCC
Cu,FCC
Ti,HCP
Ni,FCC
Co,HCP
Zn,HCP
Zr,HCP
Mo,BCC
W,BCC
Cr,BCC
V,BCC
Nb,BCC
Ta,BCC
Hf,HCP
Sc,HCP
Y,HCP
Ag,FCC
Au,FCC
Pt,FCC
Pd,FCC
Al,FCC
Mg,HCP
Ca,FCC
Li,BCC
Na,BCC
K,BCC
Ba,BCC
Sr,FCC
